player_id,season,games,targets,receptions,passing_yards,passing_tds,attempts,rushing_yards,rushing_tds,carries,receiving_yards,receiving_tds,fantasy_points_ppr,interceptions,sack_fumbles,rushing_fumbles,receiving_fumbles,player_display_name,position
00-0019596,2022,17,1,0,4694,25,733,-1,1,29,0,0,271.66,9,3,2,0,Tom Brady,QB
00-0022824,2022,1,0,0,4,0,1,0,0,0,0,0,0.16,0,0,0,0,Andy Lee,P
00-0023459,2022,17,0,0,3695,26,542,94,1,34,0,0,239.2,12,4,2,0,Aaron Rodgers,QB
00-0024243,2022,6,7,6,0,0,0,0,0,0,66,2,26.6,0,0,0,0,Marcedes Lewis,TE
00-0026143,2022,12,0,0,3057,14,461,70,1,27,0,0,155.28,13,12,3,0,Matt Ryan,QB
00-0026158,2022,5,0,0,1051,5,191,6,0,3,0,0,48.64,3,5,0,0,Joe Flacco,QB
00-0026189,2022,7,17,9,0,0,0,0,0,0,153,0,24.3,0,0,0,0,DeSean Jackson,WR
00-0026197,2022,2,0,0,0,0,2,-5,0,5,0,0,-0.5,0,0,0,0,Chad Henne,QB
00-0026300,2022,1,0,0,10,0,2,3,0,2,0,0,0.7,0,0,0,0,Josh Johnson,QB
00-0026498,2022,9,0,0,2087,10,303,9,1,13,0,0,108.38,8,4,1,0,Matthew Stafford,QB
00-0026544,2022,3,0,0,52,1,12,4,0,1,0,0,8.48,0,0,0,0,Chase Daniel,QB
00-0026625,2022,1,0,0,37,0,6,0,0,0,0,0,1.48,0,0,0,0,Brian Hoyer,QB
00-0027688,2022,4,0,0,780,1,132,36,0,14,0,0,32.8,3,0,2,0,Colt McCoy,QB
00-0027942,2022,13,47,24,0,0,0,0,0,0,236,2,61.6,0,0,0,0,A.J. Green,WR
00-0027944,2022,10,43,24,0,0,0,45,0,5,299,2,70.4,0,0,0,0,Julio Jones,WR
00-0027948,2022,1,0,0,29,1,8,0,0,0,0,0,5.16,0,0,0,0,Blaine Gabbert,QB
00-0027966,2022,10,18,16,0,0,0,233,1,62,68,0,50.1,0,0,1,1,Mark Ingram,RB
00-0027973,2022,14,0,0,2871,18,378,54,0,30,0,0,174.24,9,4,1,0,Andy Dalton,QB
00-0027981,2022,5,5,3,0,0,0,0,0,0,28,1,11.8,0,0,0,0,Kyle Rudolph,TE
00-0028002,2022,13,50,34,0,0,0,0,0,0,417,1,81.7,0,0,0,1,Randall Cobb,WR
00-0028118,2022,2,0,0,58,1,8,70,0,5,0,0,11.32,1,1,1,0,Tyrod Taylor,QB
00-0028292,2022,1,0,0,0,0,0,3,0,1,0,0,0.3,0,0,0,0,Nick Bellore,ILB
00-0028986,2022,2,0,0,8,0,7,0,0,5,0,0,0.32,0,0,0,0,Case Keenum,QB
00-0029000,2022,4,7,6,0,0,0,0,0,0,35,0,9.5,0,0,0,0,Cole Beasley,WR
00-0029239,2022,8,9,9,0,0,0,66,0,17,57,1,27.3,0,0,0,0,Brandon Bolden,RB
00-0029263,2022,15,1,1,3524,16,483,277,3,55,1,0,225.76,11,4,2,0,Russell Wilson,QB
00-0029293,2022,16,81,46,0,0,0,0,0,0,529,3,116.9,0,0,0,0,Marvin Jones,WR
00-0029567,2022,2,0,0,225,0,42,8,0,2,0,0,1.8,4,0,0,0,Nick Foles,QB
00-0029604,2022,17,0,0,4547,29,643,97,2,31,0,0,291.58,14,5,2,0,Kirk Cousins,QB
00-0029608,2022,3,10,7,0,0,0,0,0,0,121,0,19.1,0,0,0,0,T.Y. Hilton,WR
00-0029664,2022,1,1,0,0,0,0,0,0,0,0,0,0,0,0,0,0,Josh Gordon,WR
00-0029692,2022,1,0,0,0,0,0,0,0,1,0,0,0,0,0,1,0,Bryan Anger,P
00-0029701,2022,12,0,0,2536,14,325,98,2,34,0,0,165.24,6,2,1,0,Ryan Tannehill,QB
00-0029892,2022,13,23,19,0,0,0,26,1,7,200,1,53.6,0,0,0,0,Kyle Juszczyk,FB
00-0030035,2022,17,107,70,0,0,0,4,0,1,716,6,180,0,0,0,0,Adam Thielen,WR
00-0030061,2022,10,69,47,0,0,0,0,0,0,406,4,115.6,0,0,0,0,Zach Ertz,TE
00-0030068,2022,12,42,27,0,0,0,5,0,2,387,4,90.2,0,0,0,0,Marquise Goodwin,WR
00-0030074,2022,1,1,0,0,0,0,0,0,0,0,0,0,0,0,0,0,David Bakhtiari,T
00-0030108,2022,7,8,4,0,0,0,0,0,0,26,0,6.6,0,0,0,0,Ryan Griffin,TE
00-0030279,2022,10,89,66,0,0,0,8,0,1,752,4,164,0,0,0,1,Keenan Allen,WR
00-0030288,2022,15,51,37,0,0,1,80,0,26,204,1,71.4,0,0,0,0,Rex Burkhead,RB
00-0030431,2022,17,91,53,0,0,0,0,0,0,527,2,117.7,0,0,0,0,Robert Woods,WR
00-0030456,2022,2,2,2,0,0,0,28,0,8,-1,0,4.7,0,0,1,0,Giovani Bernard,RB
00-0030506,2022,17,152,110,0,0,0,5,0,2,1338,12,316.3,0,0,0,1,Travis Kelce,TE
00-0030513,2022,13,35,27,0,0,0,760,6,171,132,0,154.2,0,0,1,0,Latavius Murray,RB
00-0030564,2022,9,96,64,0,0,0,0,0,0,717,3,151.7,0,0,0,2,DeAndre Hopkins,WR
00-0030565,2022,17,0,0,4282,30,572,366,1,68,0,0,303.88,11,5,3,0,Geno Smith,QB
00-0030578,2022,13,31,21,0,0,0,695,8,144,122,0,154.7,0,0,1,0,Cordarrelle Patterson,RB
00-0030874,2022,1,0,0,0,0,0,2,0,2,0,0,0.2,0,0,0,0,Damien Williams,RB
00-0030968,2022,2,2,1,0,0,0,2,0,1,8,0,2,0,0,0,0,Keith Smith,FB
00-0031051,2022,2,2,1,0,0,0,0,0,0,42,1,11.2,0,0,0,0,John Brown,WR
00-0031236,2022,13,93,57,0,0,0,7,0,2,699,3,145.6,0,0,0,0,Brandin Cooks,WR
00-0031237,2022,5,0,0,683,4,79,27,0,3,0,0,38.02,4,0,0,0,Teddy Bridgewater,QB
00-0031260,2022,13,61,39,0,0,0,0,0,0,323,1,77.3,0,0,0,0,Logan Thomas,TE
00-0031273,2022,9,38,20,0,0,0,0,0,0,174,0,37.4,0,0,0,0,Cameron Brate,TE
00-0031280,2022,15,0,0,3522,24,502,102,0,24,0,0,219.08,14,3,1,0,Derek Carr,QB
00-0031325,2022,9,27,16,0,0,0,0,0,0,325,0,46.5,0,0,0,1,Sammy Watkins,WR
00-0031345,2022,11,0,0,2437,16,308,33,2,23,0,0,164.78,4,1,1,0,Jimmy Garoppolo,QB
00-0031376,2022,17,71,56,0,0,0,291,1,72,512,9,196.3,0,0,0,1,Jerick McKinnon,RB
00-0031381,2022,17,180,100,0,0,0,-1,0,3,1516,14,335.5,0,0,0,1,Davante Adams,WR
00-0031382,2022,9,39,25,0,0,0,0,0,0,272,1,60.2,0,0,0,0,Jarvis Landry,WR
00-0031384,2022,3,4,1,0,0,0,0,0,0,4,0,1.4,0,0,0,0,Richard Rodgers,TE
00-0031408,2022,15,127,77,0,0,0,0,0,0,1124,6,225.4,0,0,0,0,Mike Evans,WR
00-0031428,2022,10,52,33,0,0,0,0,0,0,339,3,84.9,0,0,0,0,Allen Robinson,WR
00-0031484,2022,6,8,6,0,0,0,0,0,0,42,0,10.2,0,0,0,0,Chris Manhertz,TE
00-0031503,2022,3,0,0,858,4,115,16,0,5,0,0,43.92,5,1,2,0,Jameis Winston,QB
00-0031544,2022,17,132,78,0,0,1,0,0,0,1160,9,246,1,0,0,0,Amari Cooper,WR
00-0031545,2022,4,5,2,0,0,0,0,0,0,74,0,9.4,0,0,0,0,Kevin White,WR
00-0031547,2022,12,47,31,0,0,0,0,0,0,539,3,102.9,0,0,0,0,DeVante Parker,WR
00-0031549,2022,14,53,31,0,0,0,0,0,0,362,2,75.2,0,0,0,2,Nelson Agholor,WR
00-0031558,2022,2,3,3,0,0,0,0,0,0,18,0,4.8,0,0,0,0,Maxx Williams,TE
00-0031585,2022,10,21,16,0,0,0,0,0,0,150,4,55,0,0,0,0,MyCole Pruitt,TE
00-0031588,2022,16,154,108,0,0,0,-3,0,1,1429,11,316.6,0,0,0,1,Stefon Diggs,WR
00-0031595,2022,6,3,2,0,0,0,7,0,5,11,0,3.8,0,0,0,0,Michael Burton,FB
00-0031610,2022,8,43,28,0,0,0,0,0,0,388,3,84.8,0,0,0,0,Darren Waller,TE
00-0031687,2022,16,42,31,0,0,0,891,3,181,202,2,168.3,0,0,1,0,Raheem Mostert,RB
00-0031690,2022,8,13,9,0,0,0,0,0,0,79,2,28.9,0,0,0,0,Eric Tomlinson,TE
00-0031763,2022,16,65,46,0,0,0,-15,0,2,538,3,114.3,0,0,0,1,DeAndre Carter,WR
00-0031787,2022,4,7,4,0,0,0,0,0,0,64,0,10.4,0,0,0,0,Jake Kumerow,WR
00-0031800,2022,9,0,0,1859,12,259,96,1,28,0,0,115.96,6,6,1,0,Taylor Heinicke,QB
00-0031806,2022,7,6,5,0,0,0,81,1,18,37,0,22.8,0,0,0,0,Malcolm Brown,RB
00-0031868,2022,12,23,13,0,0,0,0,0,0,268,2,51.8,0,0,0,0,Damiere Byrd,WR
00-0031941,2022,4,13,6,0,0,0,0,0,0,60,0,12,0,0,0,0,Jamison Crowder,WR
00-0032054,2022,8,19,9,0,0,0,-7,0,2,110,1,23.3,0,0,1,1,Breshad Perriman,WR
00-0032058,2022,2,3,3,0,0,0,26,1,12,44,1,22,0,0,0,0,Tevin Coleman,RB
00-0032062,2022,2,2,2,0,0,0,0,0,0,20,1,10,0,0,0,0,Blake Bell,TE
00-0032063,2022,5,2,2,0,0,0,18,0,8,4,0,4.2,0,0,1,0,Mike Davis,RB
00-0032104,2022,13,32,25,0,0,0,20,0,4,211,1,54.1,0,0,0,0,Ameer Abdullah,RB
00-0032128,2022,4,7,4,0,0,0,0,0,0,46,0,8.6,0,0,0,0,Chris Conley,WR
00-0032134,2022,12,27,21,0,0,0,0,0,0,232,2,56.2,0,0,0,0,C.J. Uzomah,TE
00-0032141,2022,11,16,12,0,0,0,0,0,0,58,1,23.8,0,0,0,0,Geoff Swaim,TE
00-0032144,2022,10,32,25,0,0,0,318,2,90,223,0,87.1,0,0,4,1,Melvin Gordon,RB
00-0032156,2022,2,0,0,184,1,26,8,0,4,0,0,10.16,1,0,0,0,Trevor Siemian,QB
00-0032187,2022,4,4,4,0,0,0,24,0,12,47,0,9.1,0,0,1,0,David Johnson,RB
00-0032200,2022,1,4,3,0,0,0,-2,0,2,15,1,10.3,0,0,0,0,Ty Montgomery,WR
00-0032208,2022,14,40,20,0,0,1,0,0,0,257,1,51.7,0,0,0,0,Phillip Dorsett,WR
00-0032211,2022,16,117,84,0,0,0,0,0,0,1033,9,239.3,0,0,0,1,Tyler Lockett,WR
00-0032214,2022,4,5,4,0,0,0,0,0,0,57,0,9.7,0,0,0,0,Tyler Kroft,TE
00-0032257,2022,1,0,0,0,0,0,4,0,2,0,0,0.4,0,0,0,0,Duke Johnson,RB
00-0032268,2022,13,0,0,2219,15,300,438,4,85,0,0,196.56,9,4,4,0,Marcus Mariota,QB
00-0032385,2022,3,24,13,0,0,0,0,0,0,154,1,34.4,0,0,0,0,Sterling Shepard,WR
00-0032392,2022,17,60,41,0,0,0,0,0,0,444,2,97.4,0,0,0,0,Austin Hooper,TE
00-0032394,2022,5,9,6,0,0,0,0,0,0,55,0,11.5,0,0,0,0,Nick Vannett,TE
00-0032398,2022,15,74,48,0,0,0,3,0,3,548,2,115.1,0,0,0,0,Chris Moore,WR
00-0032434,2022,1,0,0,22,0,3,-1,0,3,0,0,0.78,0,0,0,0,Brandon Allen,QB
00-0032436,2022,7,1,1,108,1,20,75,0,20,4,0,17.22,0,0,0,0,Jeff Driskel,QB
00-0032437,2022,1,1,1,0,0,0,0,0,0,4,0,1.4,0,0,0,0,Kamu Grugier-Hill,ILB
00-0032450,2022,3,1,1,0,0,0,38,0,11,7,0,5.5,0,0,0,0,Dwayne Washington,RB
00-0032464,2022,16,64,47,0,0,0,36,0,7,616,0,116.2,0,0,0,1,Kalif Raymond,WR
00-0032496,2022,1,0,0,0,0,0,-3,0,1,0,0,-0.3,0,0,0,0,Matthias Farley,FS
00-0032602,2022,8,40,27,0,0,0,95,0,22,173,0,55.8,0,0,0,0,J.D. McKissic,RB
00-0032688,2022,12,44,20,0,0,0,0,0,0,282,1,52.2,0,0,0,1,Robbie Chosen,WR
00-0032725,2022,5,7,3,0,0,0,0,0,0,9,0,3.9,0,0,0,0,Stephen Anderson,TE
00-0032764,2022,16,41,33,4,1,2,1538,13,349,398,0,302.76,0,0,4,2,Derrick Henry,RB
00-0032765,2022,3,22,16,0,0,0,0,0,0,171,3,51.1,0,0,0,0,Michael Thomas,WR
00-0032775,2022,16,75,48,0,0,0,0,0,0,458,2,103.8,0,0,0,2,Demarcus Robinson,WR
00-0032780,2022,1,0,0,0,0,0,1,0,1,0,0,0.1,0,0,0,0,Jordan Howard,RB
00-0032792,2022,2,0,0,0,0,0,-4,0,5,0,0,-0.4,0,0,0,0,Nate Sudfeld,QB
00-0032807,2022,1,0,0,0,0,0,0,0,1,0,0,0,0,0,0,0,Clayton Fejedelem,SS
00-0032897,2022,10,5,5,0,0,0,21,1,9,11,1,20.2,0,0,0,0,Derek Watt,FB
00-0032918,2022,9,12,10,0,0,0,7,2,4,86,0,31.3,0,0,0,0,C.J. Ham,FB
00-0032943,2022,2,0,0,18,0,2,0,0,0,0,0,0.72,0,0,0,0,Riley Dixon,P
00-0032950,2022,8,0,0,1755,11,276,86,1,22,0,0,112.8,9,4,2,0,Carson Wentz,QB
00-0032951,2022,3,10,6,0,0,0,0,0,0,42,0,10.2,0,0,0,0,Laquon Treadwell,WR
00-0032958,2022,1,0,0,0,0,0,0,0,0,0,0,6,0,0,0,0,Will Parks,FS
00-0032975,2022,7,10,7,0,0,0,152,0,37,40,0,26.2,0,0,0,0,Jonathan Williams,RB
00-0032980,2022,5,22,9,0,0,0,0,0,0,99,0,18.9,0,0,0,0,Marcus Johnson,WR
00-0033009,2022,16,82,58,23,0,1,0,0,0,762,5,167.12,0,0,0,0,Tyler Boyd,WR
00-0033040,2022,17,170,119,0,0,0,32,1,7,1710,7,341.2,0,0,0,1,Tyreek Hill,WR
00-0033045,2022,15,23,17,0,0,0,876,12,231,92,0,185.8,0,0,0,0,Ezekiel Elliott,RB
00-0033057,2022,1,1,0,0,0,0,0,0,0,0,0,0,0,0,0,0,Jack Conklin,T
00-0033077,2022,12,0,0,2860,23,394,182,1,45,0,0,198.6,15,3,1,0,Dak Prescott,QB
00-0033090,2022,16,59,41,0,0,0,0,0,0,509,2,103.9,0,0,0,0,Hunter Henry,TE
00-0033106,2022,17,1,1,4438,29,587,73,0,29,5,0,284.32,7,5,2,0,Jared Goff,QB
00-0033110,2022,16,108,72,0,0,0,0,0,0,620,3,152,0,0,0,0,Tyler Higbee,TE
00-0033111,2022,2,2,2,0,0,0,15,0,4,6,0,4.1,0,0,0,0,Pharoh Cooper,WR
00-0033114,2022,4,10,2,0,0,0,0,0,0,38,0,7.8,0,0,0,0,Mike Thomas,WR
00-0033118,2022,12,26,17,0,0,0,482,4,109,89,1,104.1,0,0,1,0,Kenyan Drake,RB
00-0033119,2022,14,0,0,2608,12,369,243,2,49,0,0,168.62,6,5,1,0,Jacoby Brissett,QB
00-0033217,2022,14,28,19,0,0,0,0,0,0,189,3,53.9,0,0,0,1,Mo Alie-Cox,TE
00-0033246,2022,13,21,19,0,0,0,0,0,0,140,1,39,0,0,0,0,Johnny Mundt,TE
00-0033251,2022,12,19,15,0,0,0,0,0,1,150,1,36,0,0,0,0,Zach Pascal,WR
00-0033275,2022,6,0,0,731,3,106,39,0,6,0,0,39.14,3,0,0,0,P.J. Walker,QB
00-0033280,2022,17,108,85,34,1,1,1139,8,244,741,5,356.36,0,0,1,0,Christian McCaffrey,RB
00-0033282,2022,17,92,64,0,0,0,187,1,38,656,4,176.3,0,0,1,0,Curtis Samuel,WR
00-0033288,2022,15,86,60,0,0,0,0,0,0,765,11,200.5,0,0,0,1,George Kittle,TE
00-0033292,2022,6,10,6,0,0,0,15,0,4,62,0,13.7,0,0,0,0,Trent Taylor,WR
00-0033293,2022,17,72,59,0,0,0,1121,2,213,395,5,248.6,0,0,3,2,Aaron Jones,RB
00-0033307,2022,16,48,35,0,0,0,39,0,6,434,1,88.3,0,0,0,2,Kendrick Bourne,WR
00-0033308,2022,17,25,20,0,0,0,220,1,54,118,0,59.8,0,0,0,0,Matt Breida,RB
00-0033319,2022,4,0,0,224,1,25,8,0,4,0,0,11.76,1,0,0,0,Nick Mullens,QB
00-0033357,2022,16,13,9,240,2,19,575,7,96,77,2,145.8,0,0,1,0,Taysom Hill,QB
00-0033367,2022,1,1,1,0,0,0,0,0,0,6,0,1.6,0,0,0,0,C.J. Board,WR
00-0033376,2022,12,13,11,0,0,0,16,0,7,74,0,20,0,0,0,0,Patrick Ricard,FB
00-0033386,2022,4,5,3,0,0,0,0,0,0,54,0,8.4,0,0,0,0,Cody Hollister,WR
00-0033439,2022,7,20,12,0,0,0,0,0,0,117,0,23.7,0,0,0,0,Pharaoh Brown,TE
00-0033455,2022,8,13,9,0,0,0,0,0,0,100,0,19,0,0,0,0,Anthony Firkser,TE
00-0033466,2022,15,65,42,0,0,0,55,1,9,423,4,119.8,0,0,0,0,Isaiah McKenzie,WR
00-0033526,2022,16,51,38,0,0,0,394,2,95,287,4,142.1,0,0,0,0,Samaje Perine,RB
00-0033536,2022,13,93,63,0,0,0,0,0,0,895,4,176.5,0,0,0,0,Mike Williams,WR
00-0033537,2022,6,0,0,1102,7,170,175,1,36,0,0,85.58,5,0,1,0,Deshaun Watson,QB
00-0033550,2022,1,0,0,168,1,40,41,1,6,0,0,20.82,0,0,0,0,Davis Webb,QB
00-0033553,2022,13,58,46,0,0,0,782,7,183,300,1,200.2,0,0,3,0,James Conner,RB
00-0033555,2022,17,94,57,4,0,1,40,0,4,690,4,154.16,0,0,0,0,Mack Hollins,WR
00-0033572,2022,14,30,23,0,0,0,86,0,12,187,3,70.3,0,0,0,0,Jamal Agnew,WR
00-0033576,2022,11,24,15,0,0,0,0,0,0,148,1,35.8,0,0,0,0,Eric Saubert,TE
00-0033591,2022,15,74,43,0,0,0,0,0,0,555,3,114.5,0,0,0,1,Noah Brown,WR
00-0033633,2022,1,1,0,0,0,0,0,0,0,0,0,0,0,0,0,0,Tanner Gentry,WR
00-0033662,2022,8,0,0,1051,5,162,6,0,9,0,0,56.64,3,2,0,0,Cooper Rush,QB
00-0033681,2022,9,21,10,0,0,0,0,0,0,141,1,30.1,0,0,0,0,Keelan Cole,WR
00-0033699,2022,17,127,107,0,0,0,915,13,204,722,5,372.7,0,0,3,2,Austin Ekeler,RB
00-0033725,2022,4,7,5,0,0,0,55,1,15,54,0,21.9,0,0,0,0,Corey Clement,RB
00-0033757,2022,17,67,53,0,0,0,0,0,0,470,2,112,0,0,0,0,Robert Tonyan,TE
00-0033798,2022,2,2,2,0,0,0,0,0,0,6,0,2.6,0,0,0,0,Mason Schreck,TE
00-0033854,2022,11,26,20,0,0,0,123,1,42,104,0,48.7,0,0,0,0,Dare Ogunbowale,RB
00-0033856,2022,16,83,73,0,0,1,668,3,189,523,3,226.1,1,0,0,0,Leonard Fournette,RB
00-0033857,2022,16,101,78,0,0,0,0,0,0,933,3,185.3,0,0,0,3,JuJu Smith-Schuster,WR
00-0033858,2022,12,38,27,0,0,0,5,0,1,245,0,52,0,0,1,0,Jonnu Smith,TE
00-0033869,2022,7,0,0,1252,4,180,38,2,19,0,0,73.88,5,0,0,0,Mitchell Trubisky,QB
00-0033871,2022,13,64,32,0,0,0,0,0,0,536,2,97.6,0,0,0,0,Corey Davis,WR
00-0033873,2022,17,1,1,5250,41,648,358,4,61,6,0,417.4,12,1,4,0,Patrick Mahomes,QB
00-0033879,2022,11,23,10,0,0,0,0,0,0,145,2,36.5,0,0,0,0,O.J. Howard,TE
00-0033881,2022,17,98,73,0,0,0,13,0,2,766,4,176.9,0,0,0,0,Evan Engram,TE
00-0033885,2022,14,80,58,0,0,0,-8,0,2,628,4,142,0,0,0,1,David Njoku,TE
00-0033891,2022,16,121,82,0,0,0,18,0,4,823,5,198.1,0,0,0,0,Zay Jones,WR
00-0033893,2022,17,56,39,0,0,0,1173,8,264,295,2,237.8,0,1,3,0,Dalvin Cook,RB
00-0033895,2022,15,87,58,0,0,0,0,0,1,555,4,139.5,0,0,0,0,Gerald Everett,TE
00-0033897,2022,14,75,60,0,0,0,814,7,210,441,2,239.5,0,0,0,0,Joe Mixon,RB
00-0033906,2022,15,77,57,0,0,0,897,2,223,490,2,211.7,0,0,2,2,Alvin Kamara,RB
00-0033908,2022,9,98,75,0,0,1,52,1,9,812,6,201.4,0,0,0,2,Cooper Kupp,WR
00-0033921,2022,15,142,104,0,0,0,5,0,3,1023,3,222.8,0,0,0,2,Chris Godwin,WR
00-0033923,2022,17,44,35,0,0,0,468,3,123,210,1,126.8,0,0,1,0,Kareem Hunt,RB
00-0033925,2022,16,9,5,0,0,0,914,5,203,26,0,131,0,0,1,0,D'Onta Foreman,RB
00-0033932,2022,6,17,6,0,0,0,0,0,0,81,1,20.1,0,0,0,0,Kenny Golladay,WR
00-0033936,2022,4,0,0,35,0,11,-4,0,4,0,0,-1,1,0,0,0,C.J. Beathard,QB
00-0033943,2022,12,59,38,0,0,0,0,0,0,479,3,103.9,0,0,0,0,Josh Reynolds,WR
00-0033948,2022,17,16,12,0,0,0,1066,17,262,73,0,225.9,0,0,3,0,Jamaal Williams,RB
00-0033949,2022,2,0,0,411,2,68,44,0,8,0,0,20.84,2,4,0,0,Joshua Dobbs,QB
00-0033951,2022,5,10,8,0,0,0,84,1,16,99,1,38.3,0,0,0,0,Marlon Mack,RB
00-0033958,2022,3,0,0,139,1,25,7,0,2,0,0,8.26,1,0,0,0,Nathan Peterman,QB
00-0034011,2022,10,13,9,0,0,0,0,0,0,135,0,22.5,0,0,0,0,Dan Arnold,TE
00-0034054,2022,8,14,9,0,0,0,0,0,0,102,2,31.2,0,0,0,0,River Cracraft,WR
00-0034073,2022,4,5,3,0,0,0,0,0,0,105,1,19.5,0,0,0,0,Ross Dwelley,TE
00-0034104,2022,12,18,8,0,0,0,0,0,0,89,0,16.9,0,0,0,0,Cam Sims,WR
00-0034109,2022,3,8,6,0,0,0,49,0,15,19,0,14.8,0,0,0,0,Phillip Lindsay,RB
00-0034115,2022,16,37,22,0,0,0,860,5,176,185,1,158.5,0,0,2,1,Jeffery Wilson,RB
00-0034159,2022,15,38,34,0,0,0,0,0,0,349,3,86.9,0,0,0,0,Will Dissly,TE
00-0034160,2022,2,0,0,0,0,0,-18,0,2,0,0,-3.8,0,0,1,0,Michael Dickson,P
00-0034171,2022,4,4,1,0,0,0,4,0,1,5,0,1.9,0,0,0,0,Jason Cabinda,FB
00-0034177,2022,1,0,0,33,0,8,-2,0,2,0,0,-2.88,2,0,0,0,Tim Boyle,QB
00-0034184,2022,9,2,0,0,0,0,433,3,87,0,0,59.3,0,0,1,0,Gus Edwards,RB
00-0034208,2022,8,15,9,0,0,0,102,0,24,96,0,28.8,0,0,0,0,Mike Boone,RB
00-0034253,2022,11,26,21,0,0,0,145,0,22,177,4,77.2,0,0,0,0,Dontrell Hilliard,RB
00-0034270,2022,17,87,58,0,0,0,3,0,2,552,3,131.5,0,0,0,2,Tyler Conklin,TE
00-0034272,2022,17,81,42,0,0,0,-3,0,1,687,2,122.4,0,0,0,0,Marquez Valdes-Scantling,WR
00-0034279,2022,16,38,21,0,0,0,54,0,6,323,1,62.7,0,0,0,1,Equanimeous St. Brown,WR
00-0034286,2022,14,70,57,0,0,0,6,0,2,569,4,138.5,0,0,0,0,Richie James,WR
00-0034297,2022,8,16,10,0,0,0,0,0,0,135,2,35.5,0,0,0,0,Byron Pringle,WR
00-0034301,2022,5,8,4,0,0,0,102,1,21,9,0,21.1,0,0,0,0,Darrel Williams,RB
00-0034317,2022,3,4,2,0,0,0,0,0,0,18,0,3.8,0,0,0,0,Keith Kirkwood,WR
00-0034335,2022,1,0,0,0,0,0,4,0,1,0,0,0.4,0,0,0,0,Marcus Allen,ILB
00-0034348,2022,15,109,64,0,0,0,5,0,1,829,2,159.4,0,0,0,0,Courtland Sutton,WR
00-0034351,2022,12,69,55,0,0,0,0,0,0,702,3,141.2,0,0,0,1,Dallas Goedert,TE
00-0034355,2022,1,0,0,0,0,0,3,0,1,0,0,0.3,0,0,0,0,M.J. Stewart,SS
00-0034360,2022,1,0,0,0,0,0,0,0,0,0,0,6,0,0,0,0,Lorenzo Carter,OLB
00-0034364,2022,15,54,37,0,0,0,0,0,0,495,5,116.5,0,0,0,1,Jordan Akins,TE
00-0034365,2022,13,30,21,0,0,0,0,0,0,197,0,40.7,0,0,0,0,Ian Thomas,TE
00-0034366,2022,1,1,1,0,0,0,0,0,0,20,0,1,0,0,0,1,Keke Coutee,WR
00-0034367,2022,16,37,30,0,0,0,33,1,24,241,1,81.4,0,0,0,0,Nyheim Hines,RB
00-0034383,2022,15,89,57,0,0,0,0,0,0,577,5,142.7,0,0,0,1,Dalton Schultz,TE
00-0034386,2022,17,34,15,0,0,0,0,0,0,315,2,58.5,0,0,0,0,Justin Watson,WR
00-0034400,2022,4,8,6,0,0,0,58,0,13,29,0,14.7,0,0,0,0,Jordan Wilkins,RB
00-0034401,2022,4,0,0,1192,3,175,9,1,6,0,0,56.58,4,2,0,0,Mike White,QB
00-0034407,2022,14,25,14,0,0,0,78,1,4,243,1,58.1,0,0,0,0,Ray-Ray McCloud,WR
00-0034411,2022,13,70,51,0,0,0,0,0,0,426,5,123.6,0,0,0,1,Russell Gage,WR
00-0034414,2022,13,6,5,0,0,0,217,3,54,15,0,46.2,0,0,0,0,Boston Scott,RB
00-0034418,2022,9,18,12,0,0,0,8,0,1,136,0,26.4,0,0,0,0,Cedrick Wilson,WR
00-0034419,2022,15,32,18,2,1,1,91,2,9,145,0,57.68,0,0,0,0,Braxton Berrios,WR
00-0034440,2022,12,19,12,0,0,0,170,1,42,101,1,51.1,0,0,0,0,Justin Jackson,RB
00-0034487,2022,16,51,30,0,0,0,0,0,0,417,2,83.7,0,0,0,0,Trent Sherfield,WR
00-0034496,2022,1,0,0,0,0,0,2,0,1,0,0,0.2,0,0,0,0,Sean Chandler,SS
00-0034521,2022,15,100,60,0,0,0,0,0,2,788,6,174.8,0,0,0,0,Allen Lazard,WR
00-0034577,2022,2,0,0,416,2,78,13,0,6,0,0,15.94,4,2,2,0,Kyle Allen,QB
00-0034578,2022,1,0,0,0,0,0,8,0,3,0,0,0.8,0,0,0,0,Reggie Bonnafon,RB
00-0034613,2022,6,15,10,0,0,0,0,0,0,132,0,23.2,0,0,0,0,Tanner Hudson,TE
00-0034614,2022,1,1,1,0,0,0,4,0,3,3,0,1.7,0,0,0,0,Godwin Igwebuike,RB
00-0034646,2022,16,32,24,0,0,0,80,0,17,156,0,47.6,0,0,0,0,Brandon Powell,WR
00-0034676,2022,1,1,0,0,0,0,0,0,0,0,0,0,0,0,0,0,James Washington,WR
00-0034681,2022,13,24,16,0,0,0,245,2,68,157,1,74.2,0,0,0,0,Chase Edmonds,RB
00-0034726,2022,1,0,0,0,0,0,0,0,1,0,0,0,0,0,0,0,Dallin Leavitt,SS
00-0034750,2022,5,5,4,0,0,0,346,2,57,16,0,52.2,0,0,1,0,Rashaad Penny,RB
00-0034753,2022,15,113,73,0,0,0,8,0,3,847,5,190.5,0,0,0,1,Mark Andrews,TE
00-0034764,2022,14,74,39,0,0,0,0,0,0,424,4,105.4,0,0,0,0,Michael Gallup,WR
00-0034765,2022,9,27,19,0,0,0,0,0,0,278,1,52.8,0,0,0,0,Tre'Quan Smith,WR
00-0034775,2022,17,133,84,0,0,1,11,0,5,1108,8,243.9,0,0,0,0,Christian Kirk,WR
00-0034777,2022,11,52,30,0,0,0,0,0,0,502,3,98.2,0,0,0,0,D.J. Chark,WR
00-0034791,2022,17,37,27,0,0,0,1525,12,302,239,1,281.4,0,0,1,0,Nick Chubb,RB
00-0034796,2022,12,0,0,2242,17,326,764,3,112,0,0,236.08,7,3,2,0,Lamar Jackson,QB
00-0034798,2022,12,20,15,0,0,0,1,1,2,129,1,40,0,0,0,0,Durham Smythe,TE
00-0034816,2022,5,1,1,0,0,0,70,1,17,22,0,16.2,0,0,0,0,Ronald Jones,RB
00-0034827,2022,17,118,63,0,0,0,53,0,10,888,7,199.1,0,0,0,0,D.J. Moore,WR
00-0034829,2022,17,52,32,0,0,0,0,0,0,362,5,98.2,0,0,0,0,Mike Gesicki,TE
00-0034830,2022,13,68,52,0,0,0,0,0,0,414,2,105.4,0,0,0,0,Hayden Hurst,TE
00-0034838,2022,4,8,6,0,0,0,117,0,41,33,0,19,0,0,1,0,Royce Freeman,RB
00-0034844,2022,16,76,57,0,0,0,1312,10,295,338,0,284,0,0,1,0,Saquon Barkley,RB
00-0034845,2022,10,13,9,0,0,0,106,0,36,53,0,24.9,0,0,0,0,Sony Michel,RB
00-0034854,2022,9,20,13,0,0,0,0,0,0,202,1,41.2,0,0,0,0,KhaDarel Hodge,WR
00-0034855,2022,12,0,0,2163,10,335,89,1,31,0,0,121.42,8,4,5,0,Baker Mayfield,QB
00-0034857,2022,16,0,0,4283,35,567,762,7,124,0,0,395.52,14,6,7,0,Josh Allen,QB
00-0034860,2022,14,41,19,0,0,0,37,0,2,245,3,65.2,0,0,0,0,Dante Pettis,WR
00-0034869,2022,6,0,0,1143,7,140,106,2,26,0,0,86.32,3,1,4,0,Sam Darnold,QB
00-0034899,2022,2,0,0,390,1,62,32,0,8,0,0,14.8,3,2,1,0,John Wolford,QB
00-0034928,2022,11,23,14,0,0,0,70,0,13,104,0,31.4,0,0,0,0,Steven Sims,WR
00-0034955,2022,4,0,0,483,2,88,7,0,6,0,0,18.02,4,2,1,0,Brett Rypien,QB
00-0034959,2022,8,11,5,0,0,0,0,0,2,69,0,11.9,0,0,0,0,Andrew Beck,FB
00-0034960,2022,14,96,67,0,0,0,9,0,2,804,6,184.3,0,0,0,1,Jakobi Meyers,WR
00-0034970,2022,8,36,25,0,0,0,0,0,0,182,2,55.2,0,0,0,1,Irv Smith,TE
00-0034972,2022,17,18,15,0,0,0,283,5,74,91,1,88.4,0,0,0,0,Alexander Mattison,RB
00-0034975,2022,13,12,12,0,0,0,262,0,49,58,0,42,0,0,1,1,Justice Hill,RB
00-0034981,2022,14,54,33,0,0,0,0,0,0,420,2,87,0,0,0,0,Foster Moreau,TE
00-0034983,2022,10,50,36,0,0,0,0,0,0,330,2,79,0,0,0,3,Hunter Renfrow,WR
00-0035021,2022,7,22,15,0,0,0,8,0,2,207,1,42.5,0,0,0,0,Ashton Dulin,WR
00-0035022,2022,3,4,3,0,0,0,0,0,0,20,0,5,0,0,0,0,Penny Hart,WR
00-0035040,2022,2,0,0,402,2,58,5,0,4,0,0,18.58,2,1,0,0,David Blough,QB
00-0035042,2022,3,0,0,0,0,0,-3,0,2,0,0,-0.3,0,0,1,0,Jamie Gillan,P
00-0035099,2022,1,1,0,0,0,0,0,0,0,0,0,0,0,0,0,0,Khari Blasingame,FB
00-0035125,2022,12,23,15,0,0,0,8,1,6,105,1,38.3,0,0,0,0,Alec Ingold,FB
00-0035133,2022,1,0,0,0,0,0,0,0,0,0,0,6,0,0,0,0,Keisean Nixon,CB
00-0035140,2022,8,34,25,0,0,0,31,2,4,297,4,93.8,0,0,0,0,Mecole Hardman,WR
00-0035146,2022,5,0,0,412,0,83,61,0,15,0,0,8.58,5,1,1,0,Trace McSorley,QB
00-0035156,2022,1,0,0,6,0,1,0,0,0,0,0,0.24,0,0,0,0,Jack Fox,P
00-0035184,2022,3,1,1,0,0,0,4,0,3,3,0,1.7,0,0,0,0,Devine Ozigbo,RB
00-0035208,2022,16,61,40,0,0,0,7,0,2,533,3,110,0,0,0,1,Olamide Zaccheaus,WR
00-0035215,2022,2,2,2,0,0,0,0,0,0,13,0,3.3,0,0,0,0,Deonte Harty,WR
00-0035216,2022,17,147,86,0,0,0,25,0,7,882,0,180.7,0,0,0,1,Diontae Johnson,WR
00-0035217,2022,3,2,2,0,0,0,90,1,20,17,0,18.7,0,0,0,0,Benny Snell,RB
00-0035222,2022,14,23,19,0,0,0,0,0,0,132,0,32.2,0,0,0,0,Zach Gentry,TE
00-0035228,2022,11,0,0,2368,14,390,418,3,67,0,0,200.52,7,3,4,0,Kyler Murray,QB
00-0035229,2022,17,129,86,0,0,0,0,0,0,914,6,215.4,0,0,0,1,T.J. Hockenson,TE
00-0035243,2022,17,26,20,0,0,0,1269,11,259,78,0,216.7,0,0,1,1,Miles Sanders,RB
00-0035249,2022,12,25,14,0,0,0,0,0,0,149,2,40.9,0,0,0,0,Josh Oliver,TE
00-0035250,2022,16,52,38,0,0,0,819,5,177,280,1,177.9,0,0,3,0,Devin Singletary,RB
00-0035259,2022,4,4,2,0,0,0,0,0,0,26,0,6.6,0,0,0,0,Trevon Wesco,TE
00-0035261,2022,16,55,39,0,0,0,1007,9,193,371,3,248.8,0,0,0,0,Tony Pollard,RB
00-0035264,2022,3,0,0,656,4,83,84,0,14,0,0,42.64,3,2,1,0,Jarrett Stidham,QB
00-0035272,2022,1,0,0,0,0,0,0,0,0,0,0,6,0,0,0,0,Andrew Van Ginkel,OLB
00-0035277,2022,1,0,0,0,0,0,0,0,0,0,0,6,0,0,0,0,Michael Jackson,CB
00-0035289,2022,5,0,0,663,3,76,3,1,7,0,0,36.82,3,2,1,0,Gardner Minshew,QB
00-0035291,2022,4,3,2,0,0,0,30,0,6,30,0,8,0,0,0,0,Trayveon Williams,RB
00-0035298,2022,11,40,23,0,0,0,8,0,1,185,0,42.3,0,0,0,0,Scott Miller,WR
00-0035308,2022,1,1,1,0,0,0,0,0,0,7,0,1.7,0,0,0,0,Tommy Sweeney,TE
00-0035311,2022,2,6,4,0,0,0,26,0,10,28,0,9.4,0,0,0,0,Myles Gaskin,RB
00-0035327,2022,2,0,0,0,0,0,55,0,2,0,0,5.5,0,0,0,0,C.J. Moore,FS
00-0035329,2022,6,12,10,0,0,0,0,0,0,130,1,29,0,0,0,0,Donald Parham,TE
00-0035341,2022,9,23,15,0,0,0,11,0,1,231,4,63.2,0,0,0,0,Trenton Irwin,WR
00-0035345,2022,7,8,7,0,0,0,0,0,0,65,1,19.5,0,0,0,0,Chris Myarick,TE
00-0035359,2022,7,17,11,0,0,0,0,0,0,106,0,21.6,0,0,0,0,David Sills,WR
00-0035399,2022,1,1,0,0,0,0,0,0,0,0,0,0,0,0,0,0,Stanley Morgan,WR
00-0035406,2022,3,4,2,0,0,0,0,0,0,20,0,4,0,0,0,0,Lil'Jordan Humphrey,WR
00-0035414,2022,2,4,2,0,0,0,0,0,0,64,0,8.4,0,0,0,0,Jalen Guyton,WR
00-0035432,2022,1,2,1,0,0,0,0,0,0,5,0,1.5,0,0,0,0,Jason Moore,WR
00-0035457,2022,1,1,1,0,0,0,0,0,0,8,0,1.8,0,0,0,0,Tyron Johnson,WR
00-0035500,2022,11,64,52,0,0,0,44,0,7,467,2,115.1,0,0,0,0,Greg Dortch,WR
00-0035510,2022,7,11,8,0,0,0,0,0,0,134,0,21.4,0,0,0,0,Jeff Smith,WR
00-0035527,2022,3,5,2,0,0,0,1,0,1,21,0,4.2,0,0,0,0,Andy Isabella,WR
00-0035535,2022,13,71,46,0,0,0,0,0,0,724,2,128.4,0,0,0,2,Darius Slayton,WR
00-0035537,2022,10,24,12,0,0,0,160,1,30,88,0,42.8,0,0,0,0,Ty Johnson,RB
00-0035544,2022,5,15,8,0,0,0,0,0,0,141,0,22.1,0,0,0,0,Tom Kennedy,WR
00-0035547,2022,9,13,9,0,0,0,0,0,0,108,2,31.8,0,0,0,0,Joseph Fortson,TE
00-0035562,2022,2,4,3,0,0,0,0,0,0,19,0,4.9,0,0,0,0,Jesper Horsted,TE
00-0035567,2022,6,10,9,0,0,0,102,0,23,116,0,30.8,0,0,0,0,Craig Reynolds,RB
00-0035572,2022,9,11,9,0,0,0,0,0,0,89,0,17.9,0,0,0,0,Parker Hesse,TE
00-0035593,2022,3,4,1,0,0,0,0,0,0,17,0,2.7,0,0,0,0,Juwann Winfree,WR
00-0035594,2022,8,18,16,0,0,0,74,0,19,157,1,43.1,0,0,0,1,Travis Homer,RB
00-0035603,2022,2,2,2,0,0,0,0,0,0,35,0,5.5,0,0,0,0,Kendall Blanton,TE
00-0035609,2022,1,1,1,0,0,0,0,0,0,12,0,2.2,0,0,0,0,Jake Gervase,ILB
00-0035621,2022,1,3,2,0,0,0,0,0,0,14,0,3.4,0,0,0,1,Nsimba Webster,WR
00-0035624,2022,6,9,7,0,0,0,0,0,0,116,1,24.6,0,0,0,0,N'Keal Harry,WR
00-0035628,2022,3,3,3,0,0,0,17,0,4,7,0,5.4,0,0,0,0,D'Ernest Johnson,RB
00-0035631,2022,2,2,2,0,0,0,0,0,0,-2,0,1.8,0,0,0,0,Drew Sample,TE
00-0035639,2022,17,91,63,0,0,0,58,0,5,623,3,149.1,0,0,0,1,Parris Campbell,WR
00-0035640,2022,17,141,90,0,0,0,0,0,0,1048,6,226.8,0,0,0,2,DK Metcalf,WR
00-0035644,2022,17,63,50,0,0,0,0,0,0,486,4,122.6,0,0,0,0,Noah Fant,TE
00-0035645,2022,10,7,5,0,0,0,39,0,8,53,0,14.2,0,0,0,0,Gunner Olszewski,WR
00-0035657,2022,11,23,17,0,0,0,462,3,106,97,0,90.9,0,0,0,0,Damien Harris,RB
00-0035659,2022,17,120,77,0,0,0,29,0,7,1191,5,229,0,0,1,0,Terry McLaurin,WR
00-0035662,2022,12,107,67,0,0,0,1,0,1,709,3,156,0,0,0,1,Marquise Brown,WR
00-0035664,2022,10,22,17,0,0,0,283,3,70,102,0,73.5,0,0,0,0,Darrell Henderson,RB
00-0035676,2022,17,145,88,0,0,0,0,0,0,1496,11,299.6,0,0,0,2,A.J. Brown,WR
00-0035685,2022,16,40,34,0,0,0,801,5,201,316,1,177.7,0,0,1,1,David Montgomery,RB
00-0035689,2022,15,65,48,0,0,0,0,0,0,517,6,135.7,0,0,0,0,Dawson Knox,TE
00-0035700,2022,17,64,53,0,0,0,1653,12,340,400,0,328.3,0,0,2,1,Josh Jacobs,RB
00-0035703,2022,3,3,2,0,0,0,0,0,0,11,0,3.1,0,0,0,0,Miles Boykin,WR
00-0035710,2022,16,0,0,3205,15,472,708,7,120,0,0,289,5,4,2,0,Daniel Jones,QB
00-0035719,2022,13,94,56,0,0,0,232,3,42,632,2,168.4,0,0,3,0,Deebo Samuel,WR
00-0035726,2022,6,6,5,0,0,0,0,0,0,10,0,6,0,0,0,0,Jakob Johnson,FB
00-0035752,2022,1,0,0,90,0,15,54,0,9,0,0,9,0,0,1,0,Chris Streveler,QB
00-0035771,2022,9,18,17,0,0,0,0,0,0,139,1,36.9,0,0,0,0,Mitchell Wilcox,TE
00-0035806,2022,14,26,20,0,0,0,194,2,46,126,1,70,0,0,0,0,Jamycal Hasty,RB
00-0035823,2022,2,3,3,0,0,0,0,0,0,26,0,5.6,0,0,0,0,Ben Ellefson,TE
00-0035831,2022,11,14,11,0,0,0,425,3,110,51,2,88.6,0,0,1,0,James Robinson,RB
00-0035860,2022,3,8,5,0,0,0,24,0,10,30,0,10.4,0,0,0,0,Tony Jones,RB
00-0035864,2022,11,33,24,0,0,0,13,0,2,311,0,56.4,0,0,0,0,Kendall Hinton,WR
00-0035876,2022,5,10,7,0,0,0,0,0,0,45,0,11.5,0,0,0,0,Andre Baccellia,WR
00-0035889,2022,1,0,0,0,0,1,0,0,0,0,0,0,0,0,0,0,Tommy Townsend,P
00-0035891,2022,1,1,1,0,0,0,0,0,0,2,0,1.2,0,0,0,0,Cody White,WR
00-0035924,2022,2,3,2,0,0,0,25,0,5,7,0,5.2,0,0,0,0,Jonathan Ward,RB
00-0035939,2022,5,0,0,161,1,34,90,0,19,0,0,15.44,2,0,0,0,Bryce Perkins,QB
00-0035956,2022,6,9,8,0,0,0,0,0,0,100,0,18,0,0,0,0,Giovanni Ricci,TE
00-0035973,2022,4,1,1,0,0,0,31,0,10,17,0,5.8,0,0,0,0,Patrick Taylor,RB
00-0035993,2022,5,0,0,658,2,112,137,1,43,0,0,50.02,3,0,3,0,Tyler Huntley,QB
00-0036005,2022,1,1,0,0,0,0,0,0,0,0,0,0,0,0,0,0,Noah Togiai,TE
00-0036020,2022,6,1,1,0,0,0,64,1,12,8,0,14.2,0,0,0,0,Salvon Ahmed,RB
00-0036032,2022,2,3,2,0,0,0,0,0,0,11,0,3.1,0,0,0,0,Sean McKeon,TE
00-0036040,2022,16,65,42,0,0,0,0,0,0,508,7,134.8,0,0,0,0,Juwan Johnson,TE
00-0036059,2022,1,1,1,0,0,0,0,0,0,7,1,7.7,0,0,0,0,Tyler Mabry,TE
00-0036096,2022,1,1,1,0,0,0,9,0,10,8,0,2.7,0,0,0,0,J.J. Taylor,RB
00-0036133,2022,7,17,8,0,0,1,0,0,0,62,0,12.2,1,0,0,0,James Proche,WR
00-0036145,2022,6,19,13,0,0,0,0,0,0,118,1,30.8,0,0,0,0,Lawrence Cager,TE
00-0036158,2022,8,8,7,0,0,0,520,2,92,42,1,81.2,0,0,0,0,J.K. Dobbins,RB
00-0036165,2022,9,48,37,0,0,0,0,0,0,392,4,100.2,0,0,0,1,Isaiah Hodgins,WR
00-0036176,2022,1,1,1,0,0,0,0,0,0,3,0,1.3,0,0,0,0,Mason Kinsey,WR
00-0036182,2022,15,50,25,0,0,0,0,0,0,397,3,82.7,0,0,0,0,Nick Westbrook-Ikhine,WR
00-0036187,2022,4,10,8,0,0,0,0,0,0,69,1,20.9,0,0,0,0,Reggie Gilliam,FB
00-0036194,2022,3,4,2,0,0,0,0,0,0,5,0,2.5,0,0,0,0,Devin Asiasi,TE
00-0036196,2022,15,93,48,0,0,0,0,0,0,836,7,171.6,0,0,0,1,Gabe Davis,WR
00-0036212,2022,13,0,0,3548,25,400,70,0,24,0,0,230.92,8,4,2,0,Tua Tagovailoa,QB
00-0036219,2022,10,32,16,0,0,0,0,0,0,158,1,37.8,0,0,0,0,Marquez Callaway,WR
00-0036223,2022,11,40,28,0,0,0,861,4,192,143,0,146.4,0,0,3,0,Jonathan Taylor,RB
00-0036226,2022,1,0,0,59,0,5,0,0,0,0,0,0.36,1,0,0,0,Jacob Eason,QB
00-0036228,2022,1,6,2,0,0,0,0,0,0,24,0,4.4,0,0,0,0,Dezmon Patmon,WR
00-0036232,2022,14,42,31,0,0,0,8,0,1,239,1,61.7,0,0,0,0,Harrison Bryant,TE
00-0036233,2022,17,96,61,0,0,0,2,0,1,839,3,167.1,0,0,0,1,Donovan Peoples-Jones,WR
00-0036244,2022,14,34,25,0,0,0,0,0,0,322,2,69.2,0,0,0,0,Colby Parkinson,TE
00-0036247,2022,3,6,4,0,0,0,0,0,0,74,0,11.4,0,0,0,0,Freddie Swain,WR
00-0036250,2022,5,7,4,0,0,0,0,0,0,26,0,6.6,0,0,0,0,Tyler Davis,TE
00-0036251,2022,13,13,11,0,0,0,456,1,93,39,0,64.5,0,0,1,0,Zack Moss,RB
00-0036252,2022,16,141,99,0,0,0,30,0,3,925,4,216.5,0,0,0,2,Michael Pittman,WR
00-0036255,2022,9,25,11,0,0,0,0,0,0,186,0,29.6,0,0,0,0,Denzel Mims,WR
00-0036259,2022,16,56,35,0,0,0,0,0,0,416,1,82.6,0,0,0,1,Jauan Jennings,WR
00-0036261,2022,17,114,78,0,0,0,23,0,2,1015,8,227.8,0,0,0,1,Brandon Aiyuk,WR
00-0036264,2022,4,0,0,195,1,21,-1,0,1,0,0,11.7,0,0,0,0,Jordan Love,QB
00-0036265,2022,17,43,28,0,0,0,770,7,186,206,0,167.6,0,0,0,1,A.J. Dillon,RB
00-0036268,2022,13,32,27,0,0,0,65,1,9,272,1,72.7,0,0,0,0,Laviska Shenault,WR
00-0036271,2022,16,51,33,0,0,0,1,0,3,354,3,84.5,0,0,0,1,Quez Watkins,WR
00-0036275,2022,14,70,48,0,0,0,542,5,99,389,3,191.1,0,0,0,1,D'Andre Swift,RB
00-0036277,2022,1,3,2,0,0,0,0,0,0,15,0,3.5,0,0,0,0,Quintez Cephus,WR
00-0036290,2022,17,69,50,0,0,0,9,0,2,544,7,147.3,0,0,0,1,Cole Kmet,TE
00-0036297,2022,3,1,1,0,0,0,64,0,14,33,0,10.7,0,0,0,0,Darrynton Evans,RB
00-0036309,2022,11,61,40,0,0,0,2,0,1,493,2,101.5,0,0,0,0,Darnell Mooney,WR
00-0036313,2022,2,0,0,17,0,2,0,0,0,0,0,0.68,0,1,0,0,Braden Mann,P
00-0036322,2022,17,184,128,34,0,2,24,1,4,1809,8,368.66,0,0,0,0,Justin Jefferson,WR
00-0036326,2022,15,79,46,1,1,1,59,0,9,451,1,105.04,0,0,0,1,Chase Claypool,WR
00-0036328,2022,15,58,46,0,0,0,546,3,149,353,2,165.9,0,0,1,0,Antonio Gibson,RB
00-0036329,2022,1,0,0,0,0,0,2,0,1,0,0,0.2,0,0,0,0,Ashtyn Davis,SS
00-0036331,2022,14,49,37,0,0,0,84,1,12,407,3,116.1,0,0,0,0,Devin Duvernay,WR
00-0036332,2022,9,15,13,0,0,0,0,0,0,114,0,24.4,0,0,0,0,Josiah Deguara,TE
00-0036336,2022,1,2,2,0,0,0,30,0,6,11,0,6.1,0,0,0,0,Anthony McFarland,RB
00-0036345,2022,17,90,60,0,0,0,6,0,3,650,5,155.6,0,0,0,1,K.J. Osborn,WR
00-0036355,2022,17,2,2,4739,25,699,147,0,54,-10,0,281.26,10,5,3,0,Justin Herbert,QB
00-0036358,2022,17,156,107,0,0,0,47,0,10,1359,9,301.6,0,0,0,0,CeeDee Lamb,WR
00-0036360,2022,10,23,17,0,0,0,302,3,71,151,3,98.3,0,0,0,0,Clyde Edwards-Helaire,RB
00-0036365,2022,4,5,3,0,0,0,0,0,0,15,0,4.5,0,0,0,0,Bryan Edwards,WR
00-0036370,2022,12,25,14,0,0,0,287,2,69,101,0,64.8,0,0,0,0,Joshua Kelley,RB
00-0036383,2022,12,34,25,0,0,0,313,2,77,193,0,89.6,0,0,0,0,Eno Benjamin,RB
00-0036387,2022,10,13,8,0,0,0,25,0,4,104,1,26.9,0,0,0,0,Jalen Reagor,WR
00-0036389,2022,15,0,0,3701,22,460,760,13,165,0,0,378.04,6,4,5,0,Jalen Hurts,QB
00-0036407,2022,15,100,67,0,0,0,40,0,4,972,6,204.2,0,0,0,0,Jerry Jeudy,WR
00-0036410,2022,14,109,74,0,0,0,0,0,0,1029,7,220.9,0,0,0,0,Tee Higgins,WR
00-0036412,2022,6,14,7,0,0,0,23,0,2,165,0,25.8,0,0,0,0,K.J. Hamler,WR
00-0036414,2022,15,18,13,0,0,0,786,7,188,117,0,141.3,0,0,2,0,Cam Akers,RB
00-0036415,2022,10,44,24,0,0,0,0,0,0,369,3,78.9,0,0,0,0,Van Jefferson,WR
00-0036422,2022,12,22,18,0,0,0,0,0,0,207,1,44.7,0,0,0,0,Adam Trautman,TE
00-0036423,2022,6,18,10,0,0,0,0,0,0,95,1,25.5,0,0,0,0,Albert Okwuegbunam,TE
00-0036424,2022,7,11,7,0,0,0,0,0,0,109,0,17.9,0,0,0,0,Brycen Hopkins,TE
00-0036425,2022,11,19,17,0,0,1,186,0,35,126,0,46.2,1,0,0,0,DeeJay Dallas,RB
00-0036429,2022,2,2,0,0,0,0,0,0,0,0,0,0,0,0,0,0,Charlie Woerner,TE
00-0036438,2022,4,6,2,0,0,0,0,0,0,46,0,6.6,0,0,0,0,Stephen Sullivan,TE
00-0036439,2022,3,7,2,0,0,0,0,0,0,28,0,4.8,0,0,0,0,Tyrie Cleveland,WR
00-0036442,2022,16,0,0,4475,35,606,257,5,75,0,0,350.7,12,6,0,0,Joe Burrow,QB
00-0036450,2022,5,4,3,0,0,0,53,0,17,19,0,10.2,0,0,0,0,Ke'Shawn Vaughn,RB
00-0036457,2022,1,1,1,0,0,0,0,0,0,5,0,1.5,0,0,0,0,Ty'Son Williams,RB
00-0036482,2022,5,9,3,0,0,0,0,0,0,59,0,8.9,0,0,0,0,Mike Strachan,WR
00-0036493,2022,12,34,30,0,0,0,236,1,68,209,1,84.5,0,0,1,0,Deon Jackson,RB
00-0036497,2022,4,4,3,0,0,0,0,0,0,30,0,6,0,0,0,0,Tim Jones,WR
00-0036527,2022,2,1,0,0,0,0,26,0,4,0,0,2.6,0,0,0,0,D.J. Turner,WR
00-0036534,2022,8,15,11,0,0,0,0,0,0,60,4,41,0,0,0,0,Shane Zylstra,TE
00-0036543,2022,2,4,2,0,0,0,43,0,9,10,0,7.3,0,0,0,0,Spencer Brown,RB
00-0036550,2022,6,28,15,0,0,0,0,0,0,285,2,53.5,0,0,0,1,Rashod Bateman,WR
00-0036554,2022,10,66,37,0,0,0,0,0,0,481,2,97.1,0,0,0,0,Nico Collins,WR
00-0036555,2022,12,17,14,0,0,0,466,2,95,171,0,89.7,0,0,0,1,Chuba Hubbard,RB
00-0036556,2022,9,28,14,0,0,0,0,0,0,128,0,26.8,0,0,0,0,Brevin Jordan,TE
00-0036567,2022,5,4,3,0,0,0,279,2,45,7,0,43.6,0,0,0,0,Elijah Mitchell,RB
00-0036569,2022,8,8,5,0,0,0,141,1,31,39,0,29,0,0,0,0,Gary Brightwell,RB
00-0036572,2022,15,41,22,0,0,0,0,0,0,296,2,61.6,0,0,0,1,Shi Smith,WR
00-0036590,2022,6,11,8,0,0,0,0,0,0,84,1,20.4,0,0,0,1,Quintin Morris,TE
00-0036613,2022,17,117,75,0,0,0,26,0,3,1356,8,259.2,0,0,0,1,Jaylen Waddle,WR
00-0036620,2022,8,13,7,0,0,0,10,0,2,58,0,13.8,0,0,0,0,D'Wayne Eskridge,WR
00-0036626,2022,7,14,5,0,0,0,15,0,1,143,2,32.8,0,0,0,0,Dyami Brown,WR
00-0036628,2022,9,22,14,0,0,0,0,0,0,108,1,30.8,0,0,0,1,John Bates,TE
00-0036630,2022,5,7,4,0,0,0,0,0,0,33,0,7.3,0,0,0,0,Tylan Wallace,WR
00-0036635,2022,3,4,1,0,0,0,-1,0,1,15,0,0.4,0,0,0,1,Ihmir Smith-Marsette,WR
00-0036637,2022,17,34,28,0,0,0,1,1,1,299,1,70,0,0,0,0,Noah Gray,TE
00-0036646,2022,2,4,3,0,0,0,0,0,0,24,0,5.4,0,0,0,0,Simi Fehoko,WR
00-0036650,2022,2,2,2,0,0,0,19,0,13,14,0,5.3,0,0,0,0,Larry Rountree,RB
00-0036652,2022,4,8,2,0,0,0,4,0,1,40,0,6.4,0,0,0,0,Racey McMath,WR
00-0036654,2022,4,4,2,0,0,0,-4,0,1,8,0,2.4,0,0,0,0,Demetric Felton,RB
00-0036669,2022,1,0,0,0,0,0,7,0,1,0,0,0.7,0,0,0,0,Kylin Hill,RB
00-0036671,2022,7,7,6,0,0,0,0,0,0,37,1,15.7,0,0,0,0,Dax Milne,WR
00-0036692,2022,1,1,0,0,0,0,0,0,0,0,0,0,0,0,0,0,Miller Forristall,TE
00-0036727,2022,5,3,3,0,0,0,9,0,4,9,0,4.8,0,0,0,1,Adam Prentice,FB
00-0036741,2022,9,14,11,0,0,0,0,0,0,123,0,23.3,0,0,0,0,Jack Stoll,TE
00-0036754,2022,13,24,18,0,0,0,0,0,0,216,4,63.6,0,0,0,0,Brock Wright,TE
00-0036755,2022,1,1,0,0,0,0,78,0,17,0,0,7.8,0,0,0,0,Jaret Patterson,RB
00-0036810,2022,2,4,2,0,0,0,0,0,0,21,0,4.1,0,0,0,0,Cade Johnson,WR
00-0036825,2022,2,2,0,0,0,0,0,0,1,0,0,0,0,0,0,0,Feleipe Franks,TE
00-0036829,2022,12,2,2,0,0,0,366,1,76,3,0,44.9,0,0,1,0,Caleb Huntley,RB
00-0036841,2022,2,4,2,0,0,0,0,0,0,13,0,3.3,0,0,0,0,Austin Trammell,WR
00-0036842,2022,3,2,2,0,0,0,14,0,9,21,0,11.5,0,0,0,0,Kene Nwangwu,RB
00-0036849,2022,12,35,18,0,0,0,34,1,9,298,1,63.2,0,0,0,0,Tutu Atwell,WR
00-0036857,2022,4,4,3,0,0,0,0,0,0,38,1,12.8,0,0,0,0,Chris Evans,RB
00-0036858,2022,1,1,1,0,0,0,0,0,0,7,0,1.7,0,0,0,0,Jalen Camp,WR
00-0036862,2022,14,61,39,0,0,0,17,1,1,376,0,84.3,0,0,0,0,Ben Skowronek,WR
00-0036875,2022,17,88,69,0,0,0,1040,5,210,421,1,249.1,0,0,2,2,Rhamondre Stevenson,RB
00-0036876,2022,13,40,31,0,0,0,0,0,1,302,0,61.2,0,0,0,1,Kylen Granson,TE
00-0036877,2022,3,2,2,0,0,0,2,0,1,26,0,4.8,0,0,0,0,Jaelon Darden,WR
00-0036879,2022,4,0,0,573,3,101,87,0,17,0,0,35.62,3,1,1,0,Sam Ehlinger,QB
00-0036880,2022,1,1,1,0,0,0,0,0,0,9,0,1.9,0,0,0,0,Penei Sewell,T
00-0036887,2022,4,4,4,0,0,0,0,0,0,40,0,8,0,0,0,0,Luke Farrell,TE
00-0036893,2022,17,53,41,4,0,1,1034,7,272,229,3,223.46,0,0,2,1,Najee Harris,RB
00-0036894,2022,15,98,63,0,0,0,0,0,0,732,2,148.2,0,0,0,0,Pat Freiermuth,TE
00-0036898,2022,15,0,0,3118,17,479,108,2,32,0,0,181.52,15,5,3,0,Davis Mills,QB
00-0036900,2022,12,134,87,0,0,0,8,0,5,1046,9,242.4,0,0,0,2,Ja'Marr Chase,WR
00-0036906,2022,13,12,9,0,0,0,731,4,129,57,1,117.8,0,0,0,0,Khalil Herbert,RB
00-0036912,2022,17,136,95,0,0,0,0,0,0,1196,7,254.6,0,0,0,1,DeVonta Smith,WR
00-0036913,2022,9,20,16,0,0,0,82,1,7,171,2,59.3,0,0,0,0,Kadarius Toney,WR
00-0036918,2022,1,1,1,0,0,0,0,0,0,6,0,1.6,0,0,0,0,Jacob Harris,WR
00-0036919,2022,17,29,23,0,0,0,240,4,53,169,0,87.9,0,0,0,0,Kenneth Gainwell,RB
00-0036924,2022,16,54,41,0,0,0,402,3,114,288,0,126,0,0,1,0,Michael Carter,RB
00-0036928,2022,1,0,0,23,0,9,0,0,0,0,0,0.92,0,0,0,0,Kyle Trask,QB
00-0036936,2022,8,56,41,0,0,0,-5,0,6,414,1,87.9,0,0,0,0,Rondale Moore,WR
00-0036945,2022,15,0,0,2242,17,318,1143,8,160,0,0,295.98,11,7,8,0,Justin Fields,QB
00-0036950,2022,14,14,13,0,0,0,109,1,22,61,0,36,0,0,0,0,Avery Williams,RB
00-0036951,2022,1,1,1,0,0,0,0,0,0,15,0,2.5,0,0,0,0,Frank Darby,WR
00-0036955,2022,13,47,28,0,0,0,0,0,0,490,1,83,0,0,0,1,Terrace Marshall,WR
00-0036959,2022,7,21,10,0,0,0,0,0,0,89,0,18.9,0,0,0,0,Michael Bandy,WR
00-0036963,2022,16,146,106,0,0,0,95,0,9,1161,6,267.6,0,0,0,0,Amon-Ra St. Brown,WR
00-0036970,2022,10,59,28,0,0,0,0,0,0,356,2,75.6,0,0,0,0,Kyle Pitts,TE
00-0036971,2022,17,0,0,4113,25,584,291,5,62,0,0,295.62,8,7,5,0,Trevor Lawrence,QB
00-0036972,2022,14,0,0,2997,14,442,102,1,47,0,0,170.08,11,3,2,0,Mac Jones,QB
00-0036973,2022,17,45,35,0,0,0,1125,5,220,316,0,203.1,0,0,3,2,Travis Etienne,RB
00-0036980,2022,14,65,37,0,0,0,5,0,5,446,1,88.1,0,0,0,1,Elijah Moore,WR
00-0036984,2022,1,0,0,0,0,0,19,0,2,0,0,1.9,0,0,0,0,Trey Sermon,RB
00-0036988,2022,16,107,72,0,0,0,4,0,1,769,3,169.3,0,0,0,1,Josh Palmer,WR
00-0036991,2022,9,25,16,0,0,0,7,0,2,204,1,43.1,0,0,0,2,Amari Rodgers,WR
00-0036997,2022,4,22,16,0,0,0,204,0,47,76,0,42,0,0,1,0,Javonte Williams,RB
00-0036999,2022,6,10,4,0,0,0,57,1,4,51,0,18.8,0,0,0,1,Anthony Schwartz,WR
00-0037005,2022,14,32,19,0,0,0,0,0,0,174,3,54.4,0,0,0,0,Tommy Tremble,TE
00-0037011,2022,8,18,10,0,0,0,0,0,0,72,0,17.2,0,0,0,1,Tre' McKitty,TE
00-0037012,2022,2,0,0,194,0,31,67,0,16,0,0,12.46,1,0,1,0,Trey Lance,QB
00-0037013,2022,9,1,1,1688,6,242,102,1,28,2,1,98.92,7,1,0,0,Zach Wilson,QB
00-0037055,2022,2,5,0,0,0,0,0,0,0,0,0,0,0,0,0,0,Lance McCutcheon,WR
00-0037077,2022,1,0,0,169,1,19,35,1,5,0,0,18.26,1,0,0,0,Sam Howell,QB
00-0037078,2022,5,9,2,0,0,0,0,0,0,23,0,4.3,0,0,0,0,Cole Turner,TE
00-0037085,2022,1,1,1,0,0,0,0,0,1,24,1,9.4,0,0,0,0,Tyler Badie,RB
00-0037086,2022,5,9,5,0,0,0,0,0,0,81,0,13.1,0,0,0,0,Grant Calcaterra,TE
00-0037087,2022,7,8,2,0,0,0,54,0,24,8,0,8.2,0,0,0,0,Trestan Ebner,RB
00-0037093,2022,1,2,2,0,0,0,0,0,0,24,0,4.4,0,0,0,0,Dareke Young,WR
00-0037098,2022,4,10,5,0,0,0,0,0,0,82,1,19.2,0,0,0,1,Samori Toure,WR
00-0037112,2022,1,1,0,0,0,0,0,0,0,0,0,0,0,0,0,0,Jake Tonges,TE
00-0037157,2022,7,14,13,0,0,0,300,1,85,100,0,59,0,0,1,1,Zonovan Knight,RB
00-0037168,2022,5,6,5,0,0,0,26,0,2,64,0,14,0,0,0,0,Armani Rogers,TE
00-0037175,2022,2,0,0,302,0,49,-5,0,3,0,0,5.58,2,1,0,0,Anthony Brown,QB
00-0037197,2022,17,14,13,0,0,0,830,5,170,130,0,135,0,0,3,0,Isiah Pacheco,RB
00-0037228,2022,16,33,28,0,0,0,379,1,77,214,0,93.3,0,0,1,0,Jaylen Warren,RB
00-0037238,2022,17,117,72,0,0,0,0,0,0,866,4,178.6,0,0,0,3,Drake London,WR
00-0037239,2022,15,119,72,0,0,0,0,0,0,1042,4,198.2,0,0,0,2,Chris Olave,WR
00-0037240,2022,6,9,1,0,0,0,40,0,1,41,1,15.1,0,0,0,0,Jameson Williams,WR
00-0037247,2022,17,84,52,0,0,0,24,1,3,801,4,166.5,0,0,0,0,George Pickens,WR
00-0037248,2022,16,32,21,0,0,0,507,2,89,180,1,105.7,0,0,1,0,James Cook,RB
00-0037252,2022,10,55,33,0,0,0,0,0,0,411,2,86.1,0,0,0,0,Greg Dulcich,TE
00-0037253,2022,4,4,4,0,0,0,0,0,0,78,1,23.8,0,0,0,0,Marcus Jones,CB
00-0037256,2022,16,58,50,0,0,0,481,1,129,290,2,141.1,0,0,1,1,Rachaad White,RB
00-0037257,2022,14,35,24,0,0,0,0,0,0,214,0,45.4,0,0,0,0,David Bell,WR
00-0037258,2022,13,39,30,0,0,0,939,4,220,165,1,166.4,0,0,4,0,Dameon Pierce,RB
00-0037261,2022,10,20,10,0,0,0,0,0,0,161,1,34.1,0,0,0,0,Khalil Shakir,WR
00-0037263,2022,16,17,16,0,0,0,1035,3,210,139,1,159.4,0,0,0,0,Tyler Allgeier,RB
00-0037265,2022,5,0,0,0,0,0,42,1,12,0,0,10.2,0,0,0,0,Snoop Conner,RB
00-0037267,2022,2,0,0,0,0,0,12,0,8,0,0,1.2,0,0,0,0,Jerome Ford,RB
00-0037272,2022,9,9,4,0,0,0,30,0,5,2,0,7.2,0,0,0,0,Montrell Washington,WR
00-0037273,2022,4,13,8,0,0,0,0,0,0,78,0,15.8,0,0,0,0,Kyle Philips,WR
00-0037276,2022,1,0,0,0,0,0,20,0,6,0,0,2,0,0,0,0,Ty Chandler,RB
00-0037277,2022,7,14,7,0,0,0,0,0,0,113,2,30.3,0,0,0,0,Teagan Quitoriano,TE
00-0037282,2022,8,11,11,0,0,0,0,0,0,113,1,28.3,0,0,0,0,James Mitchell,TE
00-0037286,2022,5,0,0,0,0,0,52,1,18,0,0,11.2,0,0,0,0,Kevin Harris,RB
00-0037291,2022,5,13,9,0,0,0,0,0,0,179,1,32.9,0,0,0,0,Jalen Nailor,WR
00-0037299,2022,10,5,4,0,0,0,60,1,27,21,0,18.1,0,0,0,0,Keaontay Ingram,RB
00-0037300,2022,6,10,5,0,0,0,-5,0,1,45,0,9,0,0,0,0,Mike Woods,WR
00-0037304,2022,8,17,12,0,0,0,27,0,2,151,1,35.8,0,0,0,0,Connor Heyward,TE
00-0037311,2022,8,10,7,0,0,0,0,0,0,80,1,21,0,0,0,0,Ko Kieft,TE
00-0037327,2022,7,0,0,534,1,105,21,0,14,0,0,17.46,3,1,1,0,Skylar Thompson,QB
00-0037331,2022,8,8,5,0,0,0,8,0,4,8,2,18.6,0,0,0,0,Zander Horvath,RB
00-0037348,2022,2,3,0,0,0,0,0,0,0,0,0,0,0,0,0,0,Tanner Conner,WR
00-0037355,2022,2,3,2,0,0,0,0,0,0,17,0,1.7,0,0,0,1,Braylon Sanders,WR
00-0037382,2022,4,14,6,0,0,0,0,0,0,42,1,16.2,0,0,0,0,Brandon Johnson,WR
00-0037387,2022,4,5,2,0,0,0,0,0,0,75,1,15.5,0,0,0,0,Jalen Virgil,WR
00-0037393,2022,1,0,0,0,0,0,0,0,0,0,0,6,0,0,0,0,JoJo Domann,OLB
00-0037429,2022,10,12,10,0,0,0,77,3,23,93,0,45,0,0,0,0,Raheem Blackshear,RB
00-0037456,2022,7,8,5,0,0,0,0,0,0,19,0,6.9,0,0,0,0,Troy Hairston,FB
00-0037475,2022,3,5,4,0,0,0,0,0,0,17,0,5.7,0,0,0,0,Stone Smartt,TE
00-0037487,2022,2,10,5,0,0,0,26,0,2,32,0,10.8,0,0,0,0,Deven Thompkins,WR
00-0037500,2022,2,0,0,13,0,2,0,0,0,0,0,0.52,0,0,0,0,Ryan Wright,P
00-0037525,2022,8,0,0,0,0,0,258,1,43,0,0,31.8,0,0,0,0,Jordan Mason,RB
00-0037545,2022,11,34,28,0,0,0,57,1,4,488,2,100.5,0,0,0,1,Rashid Shaheed,WR
00-0037557,2022,2,5,5,0,0,0,21,0,9,29,0,10,0,0,0,0,Ronnie Rivers,RB
00-0037563,2022,6,7,6,0,0,0,161,1,38,63,0,34.4,0,0,0,0,Malik Davis,RB
00-0037569,2022,9,16,11,0,0,0,2,1,1,103,2,39.5,0,0,0,0,Peyton Hendershot,TE
00-0037570,2022,2,6,2,0,0,0,0,0,0,16,0,3.6,0,0,0,0,Dennis Houston,WR
00-0037594,2022,3,3,3,0,0,0,12,0,9,41,0,8.3,0,0,0,0,Julius Chestnut,RB
00-0037617,2022,7,12,11,0,0,0,93,0,25,57,0,26,0,0,0,0,Hassan Haskins,RB
00-0037664,2022,16,78,41,0,0,0,0,0,0,593,2,112.3,0,0,0,1,Alec Pierce,WR
00-0037666,2022,2,3,2,0,0,0,0,0,0,12,0,3.2,0,0,0,0,Jalen Tolbert,WR
00-0037708,2022,1,1,1,0,0,0,0,0,0,7,0,1.7,0,0,0,0,Maurice Alexander,WR
00-0037740,2022,17,147,83,0,0,1,4,0,4,1103,4,215.7,0,0,1,1,Garrett Wilson,WR
00-0037741,2022,12,61,35,0,0,0,-7,0,2,523,7,130.6,0,0,0,0,Jahan Dotson,WR
00-0037742,2022,11,54,33,0,0,0,47,0,4,444,1,88.1,0,0,0,0,Treylon Burks,WR
00-0037744,2022,9,39,29,0,0,0,0,0,0,265,1,61.5,0,0,0,1,Trey McBride,TE
00-0037745,2022,9,14,7,0,0,0,103,1,9,107,1,38,0,0,1,0,Velus Jones,WR
00-0037746,2022,12,12,9,0,0,0,797,2,205,60,1,112.7,0,0,2,0,Brian Robinson,RB
00-0037755,2022,12,40,25,0,0,0,0,0,0,312,3,74.2,0,0,0,1,Jelani Woods,TE
00-0037801,2022,5,2,1,0,0,0,17,0,3,9,0,3.6,0,0,0,0,Kavontae Turpin,WR
00-0037805,2022,2,2,1,0,0,0,0,0,0,8,0,1.8,0,0,0,0,Jeremy Ruckert,TE
00-0037809,2022,15,46,32,0,0,0,2,0,3,450,3,97.2,0,0,0,0,Chigoziem Okonkwo,TE
00-0037816,2022,13,67,42,0,0,0,11,0,1,425,3,101.6,0,0,0,2,Romeo Doubs,WR
00-0037827,2022,5,2,0,0,0,0,99,0,34,0,0,9.9,0,0,0,0,Tyrion Davis-Price,RB
00-0037828,2022,5,7,1,0,0,0,9,0,1,10,0,2.9,0,0,0,0,Danny Gray,WR
00-0037834,2022,9,0,0,1374,13,170,13,1,22,0,0,106.26,4,0,0,0,Brock Purdy,QB
00-0037838,2022,14,60,36,0,0,0,0,0,0,373,3,91.3,0,0,0,0,Isaiah Likely,TE
00-0037840,2022,8,12,9,0,0,0,139,0,35,76,0,30.5,0,0,0,0,Kyren Williams,RB
00-0038040,2022,11,0,0,0,0,0,70,0,17,0,0,7,0,0,0,0,Zamir White,RB
00-0038041,2022,11,22,19,0,0,0,0,0,0,174,2,48.4,0,0,0,0,Jake Ferguson,TE
00-0038045,2022,5,3,3,0,0,0,41,0,18,13,0,8.4,0,0,0,0,Isaiah Spiller,RB
00-0038046,2022,1,6,4,0,0,0,0,0,0,49,0,8.9,0,0,0,0,Charlie Kolar,TE
00-0038090,2022,14,33,22,0,0,0,24,0,3,250,0,49.4,0,0,0,0,Skyy Moore,WR
00-0038092,2022,1,1,1,0,0,0,0,0,0,3,0,1.3,0,0,0,0,Erik Ezukanma,WR
00-0038098,2022,4,7,7,0,0,0,100,1,10,42,0,27.2,0,0,0,0,Pierre Strong,RB
00-0038102,2022,13,0,0,2404,7,389,237,3,55,0,0,149.86,9,1,3,0,Kenny Pickett,QB
00-0038104,2022,12,45,22,0,0,0,16,1,3,247,2,66.3,0,0,0,0,Tyquan Thornton,WR
00-0038108,2022,4,1,1,781,5,92,0,0,10,-6,0,39.64,3,2,2,0,Bailey Zappe,QB
00-0038115,2022,11,35,30,0,0,0,2,1,1,268,2,75,0,0,0,1,Daniel Bellinger,TE
00-0038117,2022,6,31,23,0,0,0,-1,0,2,227,1,51.6,0,0,0,0,Wan'Dale Robinson,WR
00-0038120,2022,7,31,19,0,0,0,463,4,80,218,1,115.1,0,0,0,1,Breece Hall,RB
00-0038122,2022,4,0,0,708,2,115,64,0,16,0,0,38.72,0,1,2,0,Desmond Ridder,QB
00-0038124,2022,14,66,41,0,0,0,80,2,7,611,7,164.1,0,0,0,0,Christian Watson,WR
00-0038128,2022,7,0,0,276,0,61,123,1,27,0,0,19.34,3,1,2,0,Malik Willis,QB
00-0038129,2022,14,65,42,0,0,0,0,0,0,391,2,93.1,0,0,0,0,Cade Otton,TE
00-0038134,2022,15,35,27,0,0,0,1050,9,228,165,0,202.5,0,0,0,0,Kenneth Walker,RB
00-0038147,2022,1,2,2,0,0,0,0,0,0,25,0,4.5,0,0,0,0,Daylen Baldwin,WR
00-0038149,2022,1,1,0,0,0,0,0,0,0,0,0,0,0,0,0,0,Josh Ali,WR
